,word_lvl_acc,sent_lvl_acc
dev_data,0.8709176517731917,0.0
test_data,0.8542461950324723,0.002737226277372263
