,word_lvl_acc,sent_lvl_acc
dev_data,0.8837908234822681,0.2837958818263205
test_data,0.8666898021912647,0.21441605839416059
