,en,es,in,it,pt,fr,nl,tl
F1 score,0.9028571428571428,0.9194831013916501,0.9107054760730143,0.9285714285714286,0.9394091136705057,0.9495252373813093,0.9249617151607963,0.9015228426395939
