,en,es,in,it,pt,fr,nl,tl
en,2.3136014230530404,4.795123900041531,4.525806280607955,4.530959961460438,4.8137381094657234,4.421463373356984,4.298092399453264,3.945303991653421
es,5.465858406732519,2.460374648809316,5.847905898671828,4.57108921588358,4.200583836333103,4.763987313711197,5.451244163414309,5.210597444543799
in,6.033701350294756,6.171863672668818,2.5484716923260096,6.146704950128397,6.423028910137625,6.068175510056345,5.931564420948287,5.058420360388101
it,5.3939470069690065,4.620656989382398,5.7425652456460226,2.420848232012567,4.880811501842393,5.030526723452481,5.635477695929846,5.121331642577773
pt,5.590855336889386,4.130934173001089,5.971899197402497,4.588661960085387,2.3139504215671094,5.133020337979734,5.846756074119995,5.2381899944069
fr,4.937118074863645,4.7502198526794075,5.6398800744721935,4.9083175309695894,5.1703535099331654,2.3201864822019034,4.879823082713481,5.447061171457747
nl,4.74412591475003,5.131920058748083,5.2096899547908135,5.29192815078638,5.424641539683531,4.824302074770284,2.338243344746568,5.181069239703602
tl,4.925877420378841,5.093634915798176,4.675381570279363,4.768443196778669,4.945358906898381,5.304407364565435,5.2876037081751965,2.244269356141611
