,word_lvl_acc,sent_lvl_acc
dev_data,0.8538369064315768,0.8772791023842917
test_data,0.8324822765356205,0.855832631004908
